{
    "evaluator": "document-is-folder",
    "condition": true,
    "config": {
        "documents-list-buttons": [{
            "key": "new",
            "buttons": [{
                "key": "create-sample-space",
                "title": "Create a Sample Space",
                "iconClass": "fa fa-plus",
                "align": "left",
                "action": "create-sample-space",
                "allowPermission": [
                    "create_subobjects"
                ]
            }]
        }]
    }
}
